-- Задание 2
INSERT INTO gardener (id, last_name, association, discount) VALUES
(1, 'Логовой', 'Радостное', 3.00),
(2, 'Шталенкова', 'Урожай', 3.00),
(3, 'Димин', 'Мичуринское', 3.00),
(4, 'Усольцева', 'Дальнее', 1.00),
(5, 'Кропинов', 'Мичуринское', 0.00);

INSERT INTO nursery (id, name, association, commission) VALUES
(1, 'Ягодный', 'Радостное', 5.00),
(2, 'N1', 'Дальнее', 3.00),
(3, 'Ерофеев', 'Урожай', 4.00),
(4, '1976', 'Мичуринское', 5.00),
(5, 'N2', 'Дальнее', 3.00),
(6, 'За лесом', 'Солнечное', 6.00);

INSERT INTO plants (id, variety, where_from, price_rub, seedling_count) VALUES
(1, 'Малина', 'Радостное', 40000.00, 70),
(2, 'Клубника', 'Радостное', 32000.00, 61),
(3, 'Вишня', 'Дальнее', 51000.00, 28),
(4, 'Крыжовник', 'Урожай', 23000.00, 34),
(5, 'Яблоня', 'Солнечное', 47000.00, 12),
(6, 'Слива', 'Урожай', 44000.00, 7),
(7, 'Облепиха', 'Мичуринское', 52000.00, 9);

INSERT INTO purchase (register_number, purchase_date, gardener_id, nursery_id, plant_id, quantity, total_cost) VALUES
(0, '2024-01-15', 3, 5, 4, 2, 46000.00),
(1, '2024-01-20', 4, 4, 5, 5, 235000.00),
(2, '2024-01-25', 4, 6, 2, 12, 384000.00),
(3, '2024-02-10', 1, 3, 3, 5, 255000.00),
(4, '2024-02-15', 1, 5, 6, 7, 308000.00),
(5, '2024-02-20', 2, 2, 3, 10, 510000.00),
(6, '2024-04-05', 3, 3, 5, 5, 235000.00),
(7, '2024-04-10', 4, 1, 1, 5, 200000.00),
(8, '2024-04-15', 5, 1, 6, 1, 44000.00),
(9, '2024-05-10', 2, 1, 6, 6, 264000.00),
(10, '2024-05-15', 3, 6, 3, 11, 561000.00),
(11, '2024-05-20', 4, 2, 1, 7, 280000.00),
(12, '2024-06-05', 2, 3, 5, 3, 141000.00),
(13, '2024-06-10', 2, 1, 2, 6, 202000.00),
(14, '2024-06-15', 4, 4, 4, 1, 23000.00),
(15, '2024-06-20', 5, 2, 1, 8, 320000.00),
(16, '2024-06-25', 2, 1, 3, 2, 102000.00);


